{
  "type": "FeatureCollection",
  "metadata": {
    "image_size": [
      640,
      640
    ],
    "center": [
      -112.074,
      33.4484
    ],
    "zoom": 17,
    "meters_per_pixel": 0.99653,
    "panel_count": 83,
    "total_surface_area_m2": 148307.44
  },
  "features": [
    {
      "type": "Feature",
      "geometry": {
        "type": "Polygon",
        "coordinates": [
          [
            [
              -112.0719577,
              33.44613987
            ],
            [
              -112.0719577,
              33.44594256
            ],
            [
              -112.0719147,
              33.44594256
            ],
            [
              -112.07190395,
              33.44593359
            ],
            [
              -112.07157073,
              33.44593359
            ],
            [
              -112.07155998,
              33.44594256
            ],
            [
              -112.07152774,
              33.44594256
            ],
            [
              -112.07151699,
              33.44593359
            ],
            [
              -112.07148474,
              33.44593359
            ],
            [
              -112.07147399,
              33.44594256
            ],
            [
              -112.07137725,
              33.44594256
            ],
            [
              -112.0713665,
              33.44593359
            ],
            [
              -112.07135575,
              33.44593359
            ],
            [
              -112.071345,
              33.44594256
            ],
            [
              -112.07131276,
              33.44594256
            ],
            [
              -112.07130201,
              33.44593359
            ],
            [
              -112.07095804,
              33.44593359
            ],
            [
              -112.07094729,
              33.44594256
            ],
            [
              -112.07093654,
              33.44594256
            ],
            [
              -112.07093654,
              33.44613987
            ],
            [
              -112.0719577,
              33.44613987
            ]
          ]
        ]
      },
      "properties": {
        "type": "solar_panel_array",
        "area_m2": 2146.02,
        "confidence": 0.92
      }
    },
    {
      "type": "Feature",
      "geometry": {
        "type": "Polygon",
        "coordinates": [
          [
            [
              -112.07314008,
              33.44613987
            ],
            [
              -112.07314008,
              33.44594256
            ],
            [
              -112.07311858,
              33.44594256
            ],
            [
              -112.07310784,
              33.44593359
            ],
            [
              -112.07214043,
              33.44593359
            ],
            [
              -112.07212968,
              33.44594256
            ],
            [
              -112.07211893,
              33.44594256
            ],
            [
              -112.07210818,
              33.44595153
            ],
            [
              -112.07210818,
              33.44612194
            ],
            [
              -112.07211893,
              33.44613091
            ],
            [
              -112.07211893,
              33.44613987
            ],
            [
              -112.07314008,
              33.44613987
            ]
          ]
        ]
      },
      "properties": {
        "type": "solar_panel_array",
        "area_m2": 2185.74,
        "confidence": 0.92
      }
    },
    {
      "type": "Feature",
      "geometry": {
        "type": "Polygon",
        "coordinates": [
          [
            [
              -112.073957,
              33.44613987
            ],
            [
              -112.073957,
              33.44594256
            ],
            [
              -112.07394626,
              33.44594256
            ],
            [
              -112.07393551,
              33.44593359
            ],
            [
              -112.07332282,
              33.44593359
            ],
            [
              -112.07331207,
              33.44594256
            ],
            [
              -112.07330132,
              33.44594256
            ],
            [
              -112.07330132,
              33.44613987
            ],
            [
              -112.073957,
              33.44613987
            ]
          ]
        ]
      },
      "properties": {
        "type": "solar_panel_array",
        "area_m2": 1390.29,
        "confidence": 0.92
      }
    },
    {
      "type": "Feature",
      "geometry": {
        "type": "Polygon",
        "coordinates": [
          [
            [
              -112.07549411,
              33.44613987
            ],
            [
              -112.07549411,
              33.44594256
            ],
            [
              -112.07545111,
              33.44594256
            ],
            [
              -112.07544036,
              33.44593359
            ],
            [
              -112.07541886,
              33.44593359
            ],
            [
              -112.07540811,
              33.44594256
            ],
            [
              -112.07535437,
              33.44594256
            ],
            [
              -112.07534362,
              33.44593359
            ],
            [
              -112.07527913,
              33.44593359
            ],
            [
              -112.07526838,
              33.44594256
            ],
            [
              -112.07524688,
              33.44594256
            ],
            [
              -112.07523613,
              33.44593359
            ],
            [
              -112.0750104,
              33.44593359
            ],
            [
              -112.07499965,
              33.44594256
            ],
            [
              -112.07496741,
              33.44594256
            ],
            [
              -112.07495666,
              33.44593359
            ],
            [
              -112.07489216,
              33.44593359
            ],
            [
              -112.07488142,
              33.44594256
            ],
            [
              -112.07487067,
              33.44594256
            ],
            [
              -112.07485992,
              33.44593359
            ],
            [
              -112.0745052,
              33.44593359
            ],
            [
              -112.07449445,
              33.44594256
            ],
            [
              -112.0744837,
              33.44594256
            ],
            [
              -112.0744837,
              33.44613091
            ],
            [
              -112.07449445,
              33.44613987
            ],
            [
              -112.07549411,
              33.44613987
            ]
          ]
        ]
      },
      "properties": {
        "type": "solar_panel_array",
        "area_m2": 2125.66,
        "confidence": 0.92
      }
    },
    {
      "type": "Feature",
      "geometry": {
        "type": "Polygon",
        "coordinates": [
          [
            [
              -112.07667649,
              33.44613987
            ],
            [
              -112.07667649,
              33.44593359
            ],
            [
              -112.07619279,
              33.44593359
            ],
            [
              -112.07618204,
              33.44594256
            ],
            [
              -112.0761068,
              33.44594256
            ],
            [
              -112.07609605,
              33.44593359
            ],
            [
              -112.0760853,
              33.44593359
            ],
            [
              -112.07607455,
              33.44594256
            ],
            [
              -112.07605305,
              33.44594256
            ],
            [
              -112.0760423,
              33.44593359
            ],
            [
              -112.07568759,
              33.44593359
            ],
            [
              -112.07567684,
              33.44594256
            ],
            [
              -112.07566609,
              33.44594256
            ],
            [
              -112.07566609,
              33.44613091
            ],
            [
              -112.07567684,
              33.44613987
            ],
            [
              -112.07667649,
              33.44613987
            ]
          ]
        ]
      },
      "properties": {
        "type": "solar_panel_array",
        "area_m2": 2134.1,
        "confidence": 0.92
      }
    },
    {
      "type": "Feature",
      "geometry": {
        "type": "Polygon",
        "coordinates": [
          [
            [
              -112.0719577,
              33.44642687
            ],
            [
              -112.0719577,
              33.44622956
            ],
            [
              -112.07194695,
              33.44622059
            ],
            [
              -112.07157073,
              33.44622059
            ],
            [
              -112.07155998,
              33.44622956
            ],
            [
              -112.07150624,
              33.44622956
            ],
            [
              -112.07149549,
              33.44622059
            ],
            [
              -112.07148474,
              33.44622956
            ],
            [
              -112.0713665,
              33.44622956
            ],
            [
              -112.07135575,
              33.44622059
            ],
            [
              -112.07095804,
              33.44622059
            ],
            [
              -112.07094729,
              33.44622956
            ],
            [
              -112.07093654,
              33.44622956
            ],
            [
              -112.07093654,
              33.44623853
            ],
            [
              -112.0709258,
              33.4462475
            ],
            [
              -112.0709258,
              33.44641791
            ],
            [
              -112.07093654,
              33.44642687
            ],
            [
              -112.0719577,
              33.44642687
            ]
          ]
        ]
      },
      "properties": {
        "type": "solar_panel_array",
        "area_m2": 2169.85,
        "confidence": 0.92
      }
    },
    {
      "type": "Feature",
      "geometry": {
        "type": "Polygon",
        "coordinates": [
          [
            [
              -112.07314008,
              33.44642687
            ],
            [
              -112.07314008,
              33.44622956
            ],
            [
              -112.07312933,
              33.44622059
            ],
            [
              -112.07275312,
              33.44622059
            ],
            [
              -112.07274237,
              33.44622956
            ],
            [
              -112.07271012,
              33.44622956
            ],
            [
              -112.07269937,
              33.44622059
            ],
            [
              -112.07265638,
              33.44622059
            ],
            [
              -112.07264563,
              33.44622956
            ],
            [
              -112.07262413,
              33.44622956
            ],
            [
              -112.07261338,
              33.44622059
            ],
            [
              -112.07214043,
              33.44622059
            ],
            [
              -112.07212968,
              33.44622956
            ],
            [
              -112.07211893,
              33.44622956
            ],
            [
              -112.07211893,
              33.44626544
            ],
            [
              -112.07210818,
              33.44627441
            ],
            [
              -112.07210818,
              33.44640894
            ],
            [
              -112.07211893,
              33.44641791
            ],
            [
              -112.07211893,
              33.44642687
            ],
            [
              -112.07314008,
              33.44642687
            ]
          ]
        ]
      },
      "properties": {
        "type": "solar_panel_array",
        "area_m2": 2176.8,
        "confidence": 0.92
      }
    },
    {
      "type": "Feature",
      "geometry": {
        "type": "Polygon",
        "coordinates": [
          [
            [
              -112.073957,
              33.44642687
            ],
            [
              -112.073957,
              33.44622956
            ],
            [
              -112.07394626,
              33.44622956
            ],
            [
              -112.07393551,
              33.44622059
            ],
            [
              -112.07392476,
              33.44622956
            ],
            [
              -112.07389251,
              33.44622956
            ],
            [
              -112.07388176,
              33.44622059
            ],
            [
              -112.07384951,
              33.44622059
            ],
            [
              -112.07383877,
              33.44622956
            ],
            [
              -112.07381727,
              33.44622956
            ],
            [
              -112.07380652,
              33.44622059
            ],
            [
              -112.07332282,
              33.44622059
            ],
            [
              -112.07331207,
              33.44622956
            ],
            [
              -112.07330132,
              33.44622956
            ],
            [
              -112.07330132,
              33.44642687
            ],
            [
              -112.073957,
              33.44642687
            ]
          ]
        ]
      },
      "properties": {
        "type": "solar_panel_array",
        "area_m2": 1383.34,
        "confidence": 0.92
      }
    },
    {
      "type": "Feature",
      "geometry": {
        "type": "Polygon",
        "coordinates": [
          [
            [
              -112.07432247,
              33.44642687
            ],
            [
              -112.07432247,
              33.44622956
            ],
            [
              -112.074043,
              33.44622956
            ],
            [
              -112.07403225,
              33.44623853
            ],
            [
              -112.07403225,
              33.44642687
            ],
            [
              -112.07432247,
              33.44642687
            ]
          ]
        ]
      },
      "properties": {
        "type": "solar_panel_array",
        "area_m2": 589.38,
        "confidence": 0.92
      }
    },
    {
      "type": "Feature",
      "geometry": {
        "type": "Polygon",
        "coordinates": [
          [
            [
              -112.07549411,
              33.44642687
            ],
            [
              -112.07549411,
              33.44622059
            ],
            [
              -112.07511789,
              33.44622059
            ],
            [
              -112.07510714,
              33.44622956
            ],
            [
              -112.0750534,
              33.44622956
            ],
            [
              -112.07504265,
              33.44622059
            ],
            [
              -112.0750319,
              33.44622059
            ],
            [
              -112.07502115,
              33.44622956
            ],
            [
              -112.07496741,
              33.44622956
            ],
            [
              -112.07495666,
              33.44622059
            ],
            [
              -112.0745052,
              33.44622059
            ],
            [
              -112.07449445,
              33.44622956
            ],
            [
              -112.0744837,
              33.44622956
            ],
            [
              -112.0744837,
              33.44623853
            ],
            [
              -112.07447295,
              33.4462475
            ],
            [
              -112.07447295,
              33.44641791
            ],
            [
              -112.0744837,
              33.44642687
            ],
            [
              -112.07549411,
              33.44642687
            ]
          ]
        ]
      },
      "properties": {
        "type": "solar_panel_array",
        "area_m2": 2153.46,
        "confidence": 0.92
      }
    },
    {
      "type": "Feature",
      "geometry": {
        "type": "Polygon",
        "coordinates": [
          [
            [
              -112.07667649,
              33.44642687
            ],
            [
              -112.07667649,
              33.44622059
            ],
            [
              -112.07630028,
              33.44622059
            ],
            [
              -112.07628953,
              33.44622956
            ],
            [
              -112.07624653,
              33.44622956
            ],
            [
              -112.07623579,
              33.44622059
            ],
            [
              -112.07620354,
              33.44622059
            ],
            [
              -112.07619279,
              33.44622956
            ],
            [
              -112.0760853,
              33.44622956
            ],
            [
              -112.07607455,
              33.44622059
            ],
            [
              -112.07568759,
              33.44622059
            ],
            [
              -112.07567684,
              33.44622956
            ],
            [
              -112.07566609,
              33.44622956
            ],
            [
              -112.07566609,
              33.44626544
            ],
            [
              -112.07565534,
              33.44627441
            ],
            [
              -112.07565534,
              33.44636409
            ],
            [
              -112.07566609,
              33.44637306
            ],
            [
              -112.07566609,
              33.44642687
            ],
            [
              -112.07667649,
              33.44642687
            ]
          ]
        ]
      },
      "properties": {
        "type": "solar_panel_array",
        "area_m2": 2140.55,
        "confidence": 0.92
      }
    },
    {
      "type": "Feature",
      "geometry": {
        "type": "Polygon",
        "coordinates": [
          [
            [
              -112.07194695,
              33.44671387
            ],
            [
              -112.07194695,
              33.44650759
            ],
            [
              -112.07094729,
              33.44650759
            ],
            [
              -112.07093654,
              33.44651656
            ],
            [
              -112.07093654,
              33.44652553
            ],
            [
              -112.0709258,
              33.4465345
            ],
            [
              -112.0709258,
              33.446678
            ],
            [
              -112.07093654,
              33.44668697
            ],
            [
              -112.07093654,
              33.44671387
            ],
            [
              -112.07194695,
              33.44671387
            ]
          ]
        ]
      },
      "properties": {
        "type": "solar_panel_array",
        "area_m2": 2163.39,
        "confidence": 0.92
      }
    },
    {
      "type": "Feature",
      "geometry": {
        "type": "Polygon",
        "coordinates": [
          [
            [
              -112.07312933,
              33.44671387
            ],
            [
              -112.07312933,
              33.44650759
            ],
            [
              -112.07212968,
              33.44650759
            ],
            [
              -112.07211893,
              33.44651656
            ],
            [
              -112.07211893,
              33.44654347
            ],
            [
              -112.07210818,
              33.44655244
            ],
            [
              -112.07210818,
              33.446678
            ],
            [
              -112.07211893,
              33.44668697
            ],
            [
              -112.07211893,
              33.44671387
            ],
            [
              -112.07312933,
              33.44671387
            ]
          ]
        ]
      },
      "properties": {
        "type": "solar_panel_array",
        "area_m2": 2161.41,
        "confidence": 0.92
      }
    },
    {
      "type": "Feature",
      "geometry": {
        "type": "Polygon",
        "coordinates": [
          [
            [
              -112.073957,
              33.44671387
            ],
            [
              -112.07394626,
              33.44670491
            ],
            [
              -112.07394626,
              33.44669594
            ],
            [
              -112.073957,
              33.44668697
            ],
            [
              -112.073957,
              33.44666903
            ],
            [
              -112.07394626,
              33.44666006
            ],
            [
              -112.07394626,
              33.44665109
            ],
            [
              -112.073957,
              33.44664212
            ],
            [
              -112.073957,
              33.44662419
            ],
            [
              -112.07394626,
              33.44661522
            ],
            [
              -112.07394626,
              33.44660625
            ],
            [
              -112.073957,
              33.44659728
            ],
            [
              -112.073957,
              33.44657934
            ],
            [
              -112.07394626,
              33.44657037
            ],
            [
              -112.07394626,
              33.44656141
            ],
            [
              -112.073957,
              33.44655244
            ],
            [
              -112.073957,
              33.4465345
            ],
            [
              -112.07394626,
              33.44652553
            ],
            [
              -112.07394626,
              33.44651656
            ],
            [
              -112.07331207,
              33.44651656
            ],
            [
              -112.07330132,
              33.44652553
            ],
            [
              -112.07330132,
              33.44671387
            ],
            [
              -112.073957,
              33.44671387
            ]
          ]
        ]
      },
      "properties": {
        "type": "solar_panel_array",
        "area_m2": 1322.76,
        "confidence": 0.92
      }
    },
    {
      "type": "Feature",
      "geometry": {
        "type": "Polygon",
        "coordinates": [
          [
            [
              -112.07549411,
              33.44671387
            ],
            [
              -112.07549411,
              33.44650759
            ],
            [
              -112.0745052,
              33.44650759
            ],
            [
              -112.0744837,
              33.44652553
            ],
            [
              -112.0744837,
              33.44654347
            ],
            [
              -112.07447295,
              33.44655244
            ],
            [
              -112.07447295,
              33.44657037
            ],
            [
              -112.0744837,
              33.44657934
            ],
            [
              -112.07447295,
              33.44658831
            ],
            [
              -112.07447295,
              33.44659728
            ],
            [
              -112.0744837,
              33.44660625
            ],
            [
              -112.0744837,
              33.44671387
            ],
            [
              -112.07549411,
              33.44671387
            ]
          ]
        ]
      },
      "properties": {
        "type": "solar_panel_array",
        "area_m2": 2149.99,
        "confidence": 0.92
      }
    },
    {
      "type": "Feature",
      "geometry": {
        "type": "Polygon",
        "coordinates": [
          [
            [
              -112.0719577,
              33.44700087
            ],
            [
              -112.0719577,
              33.44680356
            ],
            [
              -112.07093654,
              33.44680356
            ],
            [
              -112.07093654,
              33.44700087
            ],
            [
              -112.0719577,
              33.44700087
            ]
          ]
        ]
      },
      "properties": {
        "type": "solar_panel_array",
        "area_m2": 2075.51,
        "confidence": 0.92
      }
    },
    {
      "type": "Feature",
      "geometry": {
        "type": "Polygon",
        "coordinates": [
          [
            [
              -112.07312933,
              33.44700087
            ],
            [
              -112.07314008,
              33.44699191
            ],
            [
              -112.07314008,
              33.44680356
            ],
            [
              -112.07211893,
              33.44680356
            ],
            [
              -112.07211893,
              33.44700087
            ],
            [
              -112.07312933,
              33.44700087
            ]
          ]
        ]
      },
      "properties": {
        "type": "solar_panel_array",
        "area_m2": 2075.01,
        "confidence": 0.92
      }
    },
    {
      "type": "Feature",
      "geometry": {
        "type": "Polygon",
        "coordinates": [
          [
            [
              -112.073957,
              33.44700087
            ],
            [
              -112.073957,
              33.44680356
            ],
            [
              -112.07330132,
              33.44680356
            ],
            [
              -112.07330132,
              33.44700087
            ],
            [
              -112.073957,
              33.44700087
            ]
          ]
        ]
      },
      "properties": {
        "type": "solar_panel_array",
        "area_m2": 1332.69,
        "confidence": 0.92
      }
    },
    {
      "type": "Feature",
      "geometry": {
        "type": "Polygon",
        "coordinates": [
          [
            [
              -112.07549411,
              33.44700087
            ],
            [
              -112.07550486,
              33.44699191
            ],
            [
              -112.07550486,
              33.44680356
            ],
            [
              -112.0744837,
              33.44680356
            ],
            [
              -112.0744837,
              33.44700087
            ],
            [
              -112.07549411,
              33.44700087
            ]
          ]
        ]
      },
      "properties": {
        "type": "solar_panel_array",
        "area_m2": 2075.01,
        "confidence": 0.92
      }
    },
    {
      "type": "Feature",
      "geometry": {
        "type": "Polygon",
        "coordinates": [
          [
            [
              -112.07668724,
              33.44700087
            ],
            [
              -112.07668724,
              33.44680356
            ],
            [
              -112.07566609,
              33.44680356
            ],
            [
              -112.07566609,
              33.44700087
            ],
            [
              -112.07668724,
              33.44700087
            ]
          ]
        ]
      },
      "properties": {
        "type": "solar_panel_array",
        "area_m2": 2075.51,
        "confidence": 0.92
      }
    },
    {
      "type": "Feature",
      "geometry": {
        "type": "Polygon",
        "coordinates": [
          [
            [
              -112.0719577,
              33.44728787
            ],
            [
              -112.0719577,
              33.44709056
            ],
            [
              -112.07194695,
              33.44708159
            ],
            [
              -112.07094729,
              33.44708159
            ],
            [
              -112.0709258,
              33.44709953
            ],
            [
              -112.0709258,
              33.44726994
            ],
            [
              -112.07093654,
              33.44727891
            ],
            [
              -112.07093654,
              33.44728787
            ],
            [
              -112.0719577,
              33.44728787
            ]
          ]
        ]
      },
      "properties": {
        "type": "solar_panel_array",
        "area_m2": 2188.72,
        "confidence": 0.92
      }
    },
    {
      "type": "Feature",
      "geometry": {
        "type": "Polygon",
        "coordinates": [
          [
            [
              -112.07314008,
              33.44728787
            ],
            [
              -112.07314008,
              33.44708159
            ],
            [
              -112.07212968,
              33.44708159
            ],
            [
              -112.07211893,
              33.44709056
            ],
            [
              -112.07211893,
              33.44712644
            ],
            [
              -112.07210818,
              33.44713541
            ],
            [
              -112.07210818,
              33.44720716
            ],
            [
              -112.07211893,
              33.44721612
            ],
            [
              -112.07211893,
              33.44728787
            ],
            [
              -112.07314008,
              33.44728787
            ]
          ]
        ]
      },
      "properties": {
        "type": "solar_panel_array",
        "area_m2": 2178.29,
        "confidence": 0.92
      }
    },
    {
      "type": "Feature",
      "geometry": {
        "type": "Polygon",
        "coordinates": [
          [
            [
              -112.07394626,
              33.44728787
            ],
            [
              -112.07394626,
              33.44727891
            ],
            [
              -112.073957,
              33.44726994
            ],
            [
              -112.073957,
              33.447252
            ],
            [
              -112.07394626,
              33.44724303
            ],
            [
              -112.07394626,
              33.44723406
            ],
            [
              -112.073957,
              33.44722509
            ],
            [
              -112.073957,
              33.44720716
            ],
            [
              -112.07394626,
              33.44719819
            ],
            [
              -112.07394626,
              33.44718922
            ],
            [
              -112.073957,
              33.44718025
            ],
            [
              -112.073957,
              33.44716231
            ],
            [
              -112.07394626,
              33.44715334
            ],
            [
              -112.07394626,
              33.44714437
            ],
            [
              -112.073957,
              33.44713541
            ],
            [
              -112.073957,
              33.44711747
            ],
            [
              -112.07394626,
              33.4471085
            ],
            [
              -112.07394626,
              33.44709953
            ],
            [
              -112.073957,
              33.44709056
            ],
            [
              -112.07394626,
              33.44708159
            ],
            [
              -112.07331207,
              33.44708159
            ],
            [
              -112.07330132,
              33.44709056
            ],
            [
              -112.07330132,
              33.44728787
            ],
            [
              -112.07394626,
              33.44728787
            ]
          ]
        ]
      },
      "properties": {
        "type": "solar_panel_array",
        "area_m2": 1382.84,
        "confidence": 0.92
      }
    },
    {
      "type": "Feature",
      "geometry": {
        "type": "Polygon",
        "coordinates": [
          [
            [
              -112.07550486,
              33.44728787
            ],
            [
              -112.07550486,
              33.44708159
            ],
            [
              -112.07449445,
              33.44708159
            ],
            [
              -112.0744837,
              33.44709056
            ],
            [
              -112.0744837,
              33.4471085
            ],
            [
              -112.07447295,
              33.44711747
            ],
            [
              -112.07447295,
              33.44726994
            ],
            [
              -112.0744837,
              33.44727891
            ],
            [
              -112.0744837,
              33.44728787
            ],
            [
              -112.07550486,
              33.44728787
            ]
          ]
        ]
      },
      "properties": {
        "type": "solar_panel_array",
        "area_m2": 2187.23,
        "confidence": 0.92
      }
    },
    {
      "type": "Feature",
      "geometry": {
        "type": "Polygon",
        "coordinates": [
          [
            [
              -112.07667649,
              33.44728787
            ],
            [
              -112.07667649,
              33.44708159
            ],
            [
              -112.07567684,
              33.44708159
            ],
            [
              -112.07566609,
              33.44709056
            ],
            [
              -112.07566609,
              33.44712644
            ],
            [
              -112.07565534,
              33.44713541
            ],
            [
              -112.07565534,
              33.44714437
            ],
            [
              -112.07566609,
              33.44715334
            ],
            [
              -112.07566609,
              33.44728787
            ],
            [
              -112.07667649,
              33.44728787
            ]
          ]
        ]
      },
      "properties": {
        "type": "solar_panel_array",
        "area_m2": 2148.5,
        "confidence": 0.92
      }
    },
    {
      "type": "Feature",
      "geometry": {
        "type": "Polygon",
        "coordinates": [
          [
            [
              -112.0719577,
              33.44757487
            ],
            [
              -112.0719577,
              33.44737756
            ],
            [
              -112.07194695,
              33.44736859
            ],
            [
              -112.07094729,
              33.44736859
            ],
            [
              -112.0709258,
              33.44738653
            ],
            [
              -112.0709258,
              33.44753003
            ],
            [
              -112.07093654,
              33.447539
            ],
            [
              -112.07093654,
              33.44757487
            ],
            [
              -112.0719577,
              33.44757487
            ]
          ]
        ]
      },
      "properties": {
        "type": "solar_panel_array",
        "area_m2": 2185.74,
        "confidence": 0.92
      }
    },
    {
      "type": "Feature",
      "geometry": {
        "type": "Polygon",
        "coordinates": [
          [
            [
              -112.07314008,
              33.44757487
            ],
            [
              -112.07314008,
              33.44737756
            ],
            [
              -112.07312933,
              33.44736859
            ],
            [
              -112.07214043,
              33.44736859
            ],
            [
              -112.07212968,
              33.44737756
            ],
            [
              -112.07211893,
              33.44737756
            ],
            [
              -112.07211893,
              33.44738653
            ],
            [
              -112.07210818,
              33.4473955
            ],
            [
              -112.07210818,
              33.44753003
            ],
            [
              -112.07211893,
              33.447539
            ],
            [
              -112.07211893,
              33.44756591
            ],
            [
              -112.07212968,
              33.44757487
            ],
            [
              -112.07314008,
              33.44757487
            ]
          ]
        ]
      },
      "properties": {
        "type": "solar_panel_array",
        "area_m2": 2183.26,
        "confidence": 0.92
      }
    },
    {
      "type": "Feature",
      "geometry": {
        "type": "Polygon",
        "coordinates": [
          [
            [
              -112.07394626,
              33.44757487
            ],
            [
              -112.073957,
              33.44756591
            ],
            [
              -112.07394626,
              33.44755694
            ],
            [
              -112.07394626,
              33.44754797
            ],
            [
              -112.073957,
              33.447539
            ],
            [
              -112.073957,
              33.44752106
            ],
            [
              -112.07394626,
              33.44751209
            ],
            [
              -112.07394626,
              33.44750312
            ],
            [
              -112.073957,
              33.44749416
            ],
            [
              -112.073957,
              33.44747622
            ],
            [
              -112.07394626,
              33.44746725
            ],
            [
              -112.07394626,
              33.44745828
            ],
            [
              -112.073957,
              33.44744931
            ],
            [
              -112.073957,
              33.44743137
            ],
            [
              -112.07394626,
              33.44742241
            ],
            [
              -112.07394626,
              33.44741344
            ],
            [
              -112.073957,
              33.44740447
            ],
            [
              -112.073957,
              33.44738653
            ],
            [
              -112.07394626,
              33.44737756
            ],
            [
              -112.07394626,
              33.44736859
            ],
            [
              -112.07332282,
              33.44736859
            ],
            [
              -112.07331207,
              33.44737756
            ],
            [
              -112.07330132,
              33.44737756
            ],
            [
              -112.07330132,
              33.4473955
            ],
            [
              -112.07329057,
              33.44740447
            ],
            [
              -112.07330132,
              33.44741344
            ],
            [
              -112.07330132,
              33.44756591
            ],
            [
              -112.07331207,
              33.44757487
            ],
            [
              -112.07394626,
              33.44757487
            ]
          ]
        ]
      },
      "properties": {
        "type": "solar_panel_array",
        "area_m2": 1382.35,
        "confidence": 0.92
      }
    },
    {
      "type": "Feature",
      "geometry": {
        "type": "Polygon",
        "coordinates": [
          [
            [
              -112.07432247,
              33.44757487
            ],
            [
              -112.07432247,
              33.44737756
            ],
            [
              -112.07431172,
              33.44736859
            ],
            [
              -112.07405374,
              33.44736859
            ],
            [
              -112.074043,
              33.44737756
            ],
            [
              -112.07403225,
              33.44737756
            ],
            [
              -112.07403225,
              33.44757487
            ],
            [
              -112.07432247,
              33.44757487
            ]
          ]
        ]
      },
      "properties": {
        "type": "solar_panel_array",
        "area_m2": 614.71,
        "confidence": 0.92
      }
    },
    {
      "type": "Feature",
      "geometry": {
        "type": "Polygon",
        "coordinates": [
          [
            [
              -112.07550486,
              33.44757487
            ],
            [
              -112.07550486,
              33.44737756
            ],
            [
              -112.07549411,
              33.44736859
            ],
            [
              -112.0745052,
              33.44736859
            ],
            [
              -112.07449445,
              33.44737756
            ],
            [
              -112.0744837,
              33.44737756
            ],
            [
              -112.07447295,
              33.44738653
            ],
            [
              -112.07447295,
              33.44755694
            ],
            [
              -112.07449445,
              33.44757487
            ],
            [
              -112.07550486,
              33.44757487
            ]
          ]
        ]
      },
      "properties": {
        "type": "solar_panel_array",
        "area_m2": 2187.23,
        "confidence": 0.92
      }
    },
    {
      "type": "Feature",
      "geometry": {
        "type": "Polygon",
        "coordinates": [
          [
            [
              -112.07667649,
              33.44757487
            ],
            [
              -112.07667649,
              33.44736859
            ],
            [
              -112.07568759,
              33.44736859
            ],
            [
              -112.07567684,
              33.44737756
            ],
            [
              -112.07566609,
              33.44737756
            ],
            [
              -112.07566609,
              33.44740447
            ],
            [
              -112.07565534,
              33.44741344
            ],
            [
              -112.07566609,
              33.44742241
            ],
            [
              -112.07566609,
              33.44743137
            ],
            [
              -112.07565534,
              33.44744034
            ],
            [
              -112.07565534,
              33.44752106
            ],
            [
              -112.07566609,
              33.44753003
            ],
            [
              -112.07566609,
              33.44756591
            ],
            [
              -112.07567684,
              33.44757487
            ],
            [
              -112.07667649,
              33.44757487
            ]
          ]
        ]
      },
      "properties": {
        "type": "solar_panel_array",
        "area_m2": 2155.95,
        "confidence": 0.92
      }
    },
    {
      "type": "Feature",
      "geometry": {
        "type": "Polygon",
        "coordinates": [
          [
            [
              -112.0719577,
              33.44786187
            ],
            [
              -112.0719577,
              33.44766456
            ],
            [
              -112.07093654,
              33.44766456
            ],
            [
              -112.07093654,
              33.44767353
            ],
            [
              -112.0709258,
              33.4476825
            ],
            [
              -112.0709258,
              33.44785291
            ],
            [
              -112.07093654,
              33.44786187
            ],
            [
              -112.0719577,
              33.44786187
            ]
          ]
        ]
      },
      "properties": {
        "type": "solar_panel_array",
        "area_m2": 2095.37,
        "confidence": 0.92
      }
    },
    {
      "type": "Feature",
      "geometry": {
        "type": "Polygon",
        "coordinates": [
          [
            [
              -112.07314008,
              33.44786187
            ],
            [
              -112.07314008,
              33.44766456
            ],
            [
              -112.07212968,
              33.44766456
            ],
            [
              -112.07211893,
              33.44767353
            ],
            [
              -112.07211893,
              33.44770941
            ],
            [
              -112.07210818,
              33.44771837
            ],
            [
              -112.07211893,
              33.44772734
            ],
            [
              -112.07211893,
              33.44786187
            ],
            [
              -112.07314008,
              33.44786187
            ]
          ]
        ]
      },
      "properties": {
        "type": "solar_panel_array",
        "area_m2": 2076.0,
        "confidence": 0.92
      }
    },
    {
      "type": "Feature",
      "geometry": {
        "type": "Polygon",
        "coordinates": [
          [
            [
              -112.073957,
              33.44786187
            ],
            [
              -112.073957,
              33.44766456
            ],
            [
              -112.07330132,
              33.44766456
            ],
            [
              -112.07330132,
              33.44786187
            ],
            [
              -112.073957,
              33.44786187
            ]
          ]
        ]
      },
      "properties": {
        "type": "solar_panel_array",
        "area_m2": 1332.69,
        "confidence": 0.92
      }
    },
    {
      "type": "Feature",
      "geometry": {
        "type": "Polygon",
        "coordinates": [
          [
            [
              -112.07432247,
              33.44786187
            ],
            [
              -112.07432247,
              33.44766456
            ],
            [
              -112.07403225,
              33.44766456
            ],
            [
              -112.07403225,
              33.44786187
            ],
            [
              -112.07432247,
              33.44786187
            ]
          ]
        ]
      },
      "properties": {
        "type": "solar_panel_array",
        "area_m2": 589.88,
        "confidence": 0.92
      }
    },
    {
      "type": "Feature",
      "geometry": {
        "type": "Polygon",
        "coordinates": [
          [
            [
              -112.07550486,
              33.44786187
            ],
            [
              -112.07550486,
              33.44766456
            ],
            [
              -112.07549411,
              33.44765559
            ],
            [
              -112.07511789,
              33.44765559
            ],
            [
              -112.07510714,
              33.44766456
            ],
            [
              -112.0750534,
              33.44766456
            ],
            [
              -112.07504265,
              33.44765559
            ],
            [
              -112.0750319,
              33.44766456
            ],
            [
              -112.07491366,
              33.44766456
            ],
            [
              -112.07490291,
              33.44765559
            ],
            [
              -112.0745052,
              33.44765559
            ],
            [
              -112.07449445,
              33.44766456
            ],
            [
              -112.0744837,
              33.44766456
            ],
            [
              -112.0744837,
              33.44769147
            ],
            [
              -112.07447295,
              33.44770044
            ],
            [
              -112.07447295,
              33.44785291
            ],
            [
              -112.0744837,
              33.44786187
            ],
            [
              -112.07550486,
              33.44786187
            ]
          ]
        ]
      },
      "properties": {
        "type": "solar_panel_array",
        "area_m2": 2167.86,
        "confidence": 0.92
      }
    },
    {
      "type": "Feature",
      "geometry": {
        "type": "Polygon",
        "coordinates": [
          [
            [
              -112.07667649,
              33.44786187
            ],
            [
              -112.07667649,
              33.44765559
            ],
            [
              -112.07630028,
              33.44765559
            ],
            [
              -112.07628953,
              33.44766456
            ],
            [
              -112.07625728,
              33.44766456
            ],
            [
              -112.07624653,
              33.44765559
            ],
            [
              -112.07620354,
              33.44765559
            ],
            [
              -112.07619279,
              33.44766456
            ],
            [
              -112.07607455,
              33.44766456
            ],
            [
              -112.0760638,
              33.44765559
            ],
            [
              -112.07591332,
              33.44765559
            ],
            [
              -112.07590257,
              33.44766456
            ],
            [
              -112.07589182,
              33.44765559
            ],
            [
              -112.07568759,
              33.44765559
            ],
            [
              -112.07566609,
              33.44767353
            ],
            [
              -112.07566609,
              33.44786187
            ],
            [
              -112.07667649,
              33.44786187
            ]
          ]
        ]
      },
      "properties": {
        "type": "solar_panel_array",
        "area_m2": 2128.14,
        "confidence": 0.92
      }
    },
    {
      "type": "Feature",
      "geometry": {
        "type": "Polygon",
        "coordinates": [
          [
            [
              -112.07194695,
              33.44813991
            ],
            [
              -112.07194695,
              33.44795156
            ],
            [
              -112.07093654,
              33.44795156
            ],
            [
              -112.07093654,
              33.4479695
            ],
            [
              -112.0709258,
              33.44797847
            ],
            [
              -112.0709258,
              33.44805919
            ],
            [
              -112.07093654,
              33.44806816
            ],
            [
              -112.07093654,
              33.44813991
            ],
            [
              -112.07194695,
              33.44813991
            ]
          ]
        ]
      },
      "properties": {
        "type": "solar_panel_array",
        "area_m2": 1970.24,
        "confidence": 0.92
      }
    },
    {
      "type": "Feature",
      "geometry": {
        "type": "Polygon",
        "coordinates": [
          [
            [
              -112.07312933,
              33.44814887
            ],
            [
              -112.07312933,
              33.44795156
            ],
            [
              -112.07212968,
              33.44795156
            ],
            [
              -112.07211893,
              33.44796053
            ],
            [
              -112.07211893,
              33.44814887
            ],
            [
              -112.07312933,
              33.44814887
            ]
          ]
        ]
      },
      "properties": {
        "type": "solar_panel_array",
        "area_m2": 2053.16,
        "confidence": 0.92
      }
    },
    {
      "type": "Feature",
      "geometry": {
        "type": "Polygon",
        "coordinates": [
          [
            [
              -112.073957,
              33.44814887
            ],
            [
              -112.07394626,
              33.44813991
            ],
            [
              -112.07394626,
              33.44813094
            ],
            [
              -112.073957,
              33.44812197
            ],
            [
              -112.073957,
              33.44810403
            ],
            [
              -112.07394626,
              33.44809506
            ],
            [
              -112.07394626,
              33.44808609
            ],
            [
              -112.073957,
              33.44807712
            ],
            [
              -112.073957,
              33.44805919
            ],
            [
              -112.07394626,
              33.44805022
            ],
            [
              -112.07394626,
              33.44804125
            ],
            [
              -112.073957,
              33.44803228
            ],
            [
              -112.073957,
              33.44801434
            ],
            [
              -112.07394626,
              33.44800537
            ],
            [
              -112.07394626,
              33.44799641
            ],
            [
              -112.073957,
              33.44798744
            ],
            [
              -112.073957,
              33.4479695
            ],
            [
              -112.07394626,
              33.44796053
            ],
            [
              -112.07394626,
              33.44795156
            ],
            [
              -112.07331207,
              33.44795156
            ],
            [
              -112.07330132,
              33.44796053
            ],
            [
              -112.07330132,
              33.44814887
            ],
            [
              -112.073957,
              33.44814887
            ]
          ]
        ]
      },
      "properties": {
        "type": "solar_panel_array",
        "area_m2": 1322.76,
        "confidence": 0.92
      }
    },
    {
      "type": "Feature",
      "geometry": {
        "type": "Polygon",
        "coordinates": [
          [
            [
              -112.07549411,
              33.44814887
            ],
            [
              -112.07549411,
              33.44795156
            ],
            [
              -112.07449445,
              33.44795156
            ],
            [
              -112.0744837,
              33.44796053
            ],
            [
              -112.0744837,
              33.44814887
            ],
            [
              -112.07549411,
              33.44814887
            ]
          ]
        ]
      },
      "properties": {
        "type": "solar_panel_array",
        "area_m2": 2053.16,
        "confidence": 0.92
      }
    },
    {
      "type": "Feature",
      "geometry": {
        "type": "Polygon",
        "coordinates": [
          [
            [
              -112.07314008,
              33.44836412
            ],
            [
              -112.07314008,
              33.44835516
            ],
            [
              -112.07315083,
              33.44834619
            ],
            [
              -112.07315083,
              33.44832825
            ],
            [
              -112.07314008,
              33.44831928
            ],
            [
              -112.07314008,
              33.44831031
            ],
            [
              -112.07315083,
              33.44830134
            ],
            [
              -112.07315083,
              33.44828341
            ],
            [
              -112.07314008,
              33.44827444
            ],
            [
              -112.07314008,
              33.44826547
            ],
            [
              -112.07315083,
              33.4482565
            ],
            [
              -112.07315083,
              33.44823856
            ],
            [
              -112.07211893,
              33.44823856
            ],
            [
              -112.07211893,
              33.44836412
            ],
            [
              -112.07314008,
              33.44836412
            ]
          ]
        ]
      },
      "properties": {
        "type": "solar_panel_array",
        "area_m2": 1329.22,
        "confidence": 0.92
      }
    },
    {
      "type": "Feature",
      "geometry": {
        "type": "Polygon",
        "coordinates": [
          [
            [
              -112.07394626,
              33.44836412
            ],
            [
              -112.07394626,
              33.44835516
            ],
            [
              -112.073957,
              33.44834619
            ],
            [
              -112.073957,
              33.44832825
            ],
            [
              -112.07394626,
              33.44831928
            ],
            [
              -112.07394626,
              33.44831031
            ],
            [
              -112.073957,
              33.44830134
            ],
            [
              -112.073957,
              33.44828341
            ],
            [
              -112.07394626,
              33.44827444
            ],
            [
              -112.07394626,
              33.44826547
            ],
            [
              -112.073957,
              33.4482565
            ],
            [
              -112.073957,
              33.44823856
            ],
            [
              -112.07330132,
              33.44823856
            ],
            [
              -112.07330132,
              33.44836412
            ],
            [
              -112.07394626,
              33.44836412
            ]
          ]
        ]
      },
      "properties": {
        "type": "solar_panel_array",
        "area_m2": 842.62,
        "confidence": 0.92
      }
    },
    {
      "type": "Feature",
      "geometry": {
        "type": "Polygon",
        "coordinates": [
          [
            [
              -112.07432247,
              33.44836412
            ],
            [
              -112.07432247,
              33.44823856
            ],
            [
              -112.07403225,
              33.44823856
            ],
            [
              -112.0740215,
              33.44824753
            ],
            [
              -112.0740215,
              33.44834619
            ],
            [
              -112.07403225,
              33.44835516
            ],
            [
              -112.07403225,
              33.44836412
            ],
            [
              -112.07432247,
              33.44836412
            ]
          ]
        ]
      },
      "properties": {
        "type": "solar_panel_array",
        "area_m2": 387.3,
        "confidence": 0.92
      }
    },
    {
      "type": "Feature",
      "geometry": {
        "type": "Polygon",
        "coordinates": [
          [
            [
              -112.07550486,
              33.44836412
            ],
            [
              -112.07550486,
              33.44823856
            ],
            [
              -112.0744837,
              33.44823856
            ],
            [
              -112.0744837,
              33.44836412
            ],
            [
              -112.07550486,
              33.44836412
            ]
          ]
        ]
      },
      "properties": {
        "type": "solar_panel_array",
        "area_m2": 1320.78,
        "confidence": 0.92
      }
    },
    {
      "type": "Feature",
      "geometry": {
        "type": "Polygon",
        "coordinates": [
          [
            [
              -112.07668724,
              33.44836412
            ],
            [
              -112.07668724,
              33.44823856
            ],
            [
              -112.07566609,
              33.44823856
            ],
            [
              -112.07566609,
              33.44836412
            ],
            [
              -112.07668724,
              33.44836412
            ]
          ]
        ]
      },
      "properties": {
        "type": "solar_panel_array",
        "area_m2": 1320.78,
        "confidence": 0.92
      }
    },
    {
      "type": "Feature",
      "geometry": {
        "type": "Polygon",
        "coordinates": [
          [
            [
              -112.07132351,
              33.44838206
            ],
            [
              -112.07133426,
              33.44837309
            ],
            [
              -112.07194695,
              33.44837309
            ],
            [
              -112.0719577,
              33.44836412
            ],
            [
              -112.0719577,
              33.44823856
            ],
            [
              -112.07093654,
              33.44823856
            ],
            [
              -112.07093654,
              33.44838206
            ],
            [
              -112.07132351,
              33.44838206
            ]
          ]
        ]
      },
      "properties": {
        "type": "solar_panel_array",
        "area_m2": 1450.87,
        "confidence": 0.92
      }
    },
    {
      "type": "Feature",
      "geometry": {
        "type": "Polygon",
        "coordinates": [
          [
            [
              -112.07432247,
              33.44843588
            ],
            [
              -112.07432247,
              33.44842691
            ],
            [
              -112.074043,
              33.44842691
            ],
            [
              -112.07403225,
              33.44843588
            ],
            [
              -112.07432247,
              33.44843588
            ]
          ]
        ]
      },
      "properties": {
        "type": "solar_panel_array",
        "area_m2": 26.32,
        "confidence": 0.92
      }
    },
    {
      "type": "Feature",
      "geometry": {
        "type": "Polygon",
        "coordinates": [
          [
            [
              -112.07194695,
              33.44872288
            ],
            [
              -112.07194695,
              33.44851659
            ],
            [
              -112.07094729,
              33.44851659
            ],
            [
              -112.07093654,
              33.44852556
            ],
            [
              -112.07093654,
              33.44855247
            ],
            [
              -112.0709258,
              33.44856144
            ],
            [
              -112.0709258,
              33.448687
            ],
            [
              -112.07093654,
              33.44869597
            ],
            [
              -112.07093654,
              33.44872288
            ],
            [
              -112.07194695,
              33.44872288
            ]
          ]
        ]
      },
      "properties": {
        "type": "solar_panel_array",
        "area_m2": 2161.41,
        "confidence": 0.92
      }
    },
    {
      "type": "Feature",
      "geometry": {
        "type": "Polygon",
        "coordinates": [
          [
            [
              -112.07312933,
              33.44872288
            ],
            [
              -112.07312933,
              33.44851659
            ],
            [
              -112.07212968,
              33.44851659
            ],
            [
              -112.07211893,
              33.44852556
            ],
            [
              -112.07211893,
              33.44871391
            ],
            [
              -112.07212968,
              33.44872288
            ],
            [
              -112.07312933,
              33.44872288
            ]
          ]
        ]
      },
      "properties": {
        "type": "solar_panel_array",
        "area_m2": 2146.02,
        "confidence": 0.92
      }
    },
    {
      "type": "Feature",
      "geometry": {
        "type": "Polygon",
        "coordinates": [
          [
            [
              -112.073957,
              33.44872288
            ],
            [
              -112.073957,
              33.44851659
            ],
            [
              -112.07331207,
              33.44851659
            ],
            [
              -112.07330132,
              33.44852556
            ],
            [
              -112.07330132,
              33.44872288
            ],
            [
              -112.073957,
              33.44872288
            ]
          ]
        ]
      },
      "properties": {
        "type": "solar_panel_array",
        "area_m2": 1392.77,
        "confidence": 0.92
      }
    },
    {
      "type": "Feature",
      "geometry": {
        "type": "Polygon",
        "coordinates": [
          [
            [
              -112.07549411,
              33.44872288
            ],
            [
              -112.07549411,
              33.44851659
            ],
            [
              -112.07449445,
              33.44851659
            ],
            [
              -112.0744837,
              33.44852556
            ],
            [
              -112.0744837,
              33.44856144
            ],
            [
              -112.07447295,
              33.44857041
            ],
            [
              -112.07447295,
              33.44870494
            ],
            [
              -112.0744837,
              33.44871391
            ],
            [
              -112.0744837,
              33.44872288
            ],
            [
              -112.07549411,
              33.44872288
            ]
          ]
        ]
      },
      "properties": {
        "type": "solar_panel_array",
        "area_m2": 2162.4,
        "confidence": 0.92
      }
    },
    {
      "type": "Feature",
      "geometry": {
        "type": "Polygon",
        "coordinates": [
          [
            [
              -112.07194695,
              33.44900988
            ],
            [
              -112.07194695,
              33.44881256
            ],
            [
              -112.0719362,
              33.44881256
            ],
            [
              -112.07192545,
              33.44880359
            ],
            [
              -112.07094729,
              33.44880359
            ],
            [
              -112.07093654,
              33.44881256
            ],
            [
              -112.07093654,
              33.44882153
            ],
            [
              -112.0709258,
              33.4488305
            ],
            [
              -112.0709258,
              33.44896503
            ],
            [
              -112.07093654,
              33.448974
            ],
            [
              -112.07093654,
              33.44900988
            ],
            [
              -112.07194695,
              33.44900988
            ]
          ]
        ]
      },
      "properties": {
        "type": "solar_panel_array",
        "area_m2": 2160.91,
        "confidence": 0.92
      }
    },
    {
      "type": "Feature",
      "geometry": {
        "type": "Polygon",
        "coordinates": [
          [
            [
              -112.07312933,
              33.44900988
            ],
            [
              -112.07314008,
              33.44900091
            ],
            [
              -112.07314008,
              33.44881256
            ],
            [
              -112.07312933,
              33.44880359
            ],
            [
              -112.07214043,
              33.44880359
            ],
            [
              -112.07212968,
              33.44881256
            ],
            [
              -112.07211893,
              33.44881256
            ],
            [
              -112.07211893,
              33.4488305
            ],
            [
              -112.07210818,
              33.44883947
            ],
            [
              -112.07211893,
              33.44884844
            ],
            [
              -112.07211893,
              33.44900091
            ],
            [
              -112.07212968,
              33.44900988
            ],
            [
              -112.07312933,
              33.44900988
            ]
          ]
        ]
      },
      "properties": {
        "type": "solar_panel_array",
        "area_m2": 2167.86,
        "confidence": 0.92
      }
    },
    {
      "type": "Feature",
      "geometry": {
        "type": "Polygon",
        "coordinates": [
          [
            [
              -112.07394626,
              33.44900988
            ],
            [
              -112.073957,
              33.44900091
            ],
            [
              -112.07394626,
              33.44899194
            ],
            [
              -112.07394626,
              33.44898297
            ],
            [
              -112.073957,
              33.448974
            ],
            [
              -112.073957,
              33.44895606
            ],
            [
              -112.07394626,
              33.44894709
            ],
            [
              -112.07394626,
              33.44893813
            ],
            [
              -112.073957,
              33.44892916
            ],
            [
              -112.073957,
              33.44891122
            ],
            [
              -112.07394626,
              33.44890225
            ],
            [
              -112.07394626,
              33.44889328
            ],
            [
              -112.073957,
              33.44888431
            ],
            [
              -112.073957,
              33.44886638
            ],
            [
              -112.07394626,
              33.44885741
            ],
            [
              -112.07394626,
              33.44884844
            ],
            [
              -112.073957,
              33.44883947
            ],
            [
              -112.073957,
              33.44882153
            ],
            [
              -112.07394626,
              33.44881256
            ],
            [
              -112.07394626,
              33.44880359
            ],
            [
              -112.07332282,
              33.44880359
            ],
            [
              -112.07331207,
              33.44881256
            ],
            [
              -112.07330132,
              33.44881256
            ],
            [
              -112.07330132,
              33.44900091
            ],
            [
              -112.07331207,
              33.44900988
            ],
            [
              -112.07394626,
              33.44900988
            ]
          ]
        ]
      },
      "properties": {
        "type": "solar_panel_array",
        "area_m2": 1381.35,
        "confidence": 0.92
      }
    },
    {
      "type": "Feature",
      "geometry": {
        "type": "Polygon",
        "coordinates": [
          [
            [
              -112.07432247,
              33.44900988
            ],
            [
              -112.07432247,
              33.44881256
            ],
            [
              -112.07431172,
              33.44880359
            ],
            [
              -112.07405374,
              33.44880359
            ],
            [
              -112.074043,
              33.44881256
            ],
            [
              -112.07403225,
              33.44881256
            ],
            [
              -112.07403225,
              33.44900091
            ],
            [
              -112.074043,
              33.44900988
            ],
            [
              -112.07432247,
              33.44900988
            ]
          ]
        ]
      },
      "properties": {
        "type": "solar_panel_array",
        "area_m2": 614.21,
        "confidence": 0.92
      }
    },
    {
      "type": "Feature",
      "geometry": {
        "type": "Polygon",
        "coordinates": [
          [
            [
              -112.07549411,
              33.44900988
            ],
            [
              -112.07550486,
              33.44900091
            ],
            [
              -112.07550486,
              33.44881256
            ],
            [
              -112.07549411,
              33.44880359
            ],
            [
              -112.0745052,
              33.44880359
            ],
            [
              -112.07449445,
              33.44881256
            ],
            [
              -112.0744837,
              33.44881256
            ],
            [
              -112.0744837,
              33.4488305
            ],
            [
              -112.07447295,
              33.44883947
            ],
            [
              -112.07447295,
              33.44891122
            ],
            [
              -112.0744837,
              33.44892019
            ],
            [
              -112.0744837,
              33.44893813
            ],
            [
              -112.07447295,
              33.44894709
            ],
            [
              -112.07447295,
              33.44895606
            ],
            [
              -112.0744837,
              33.44896503
            ],
            [
              -112.0744837,
              33.44900091
            ],
            [
              -112.07449445,
              33.44900988
            ],
            [
              -112.07549411,
              33.44900988
            ]
          ]
        ]
      },
      "properties": {
        "type": "solar_panel_array",
        "area_m2": 2177.79,
        "confidence": 0.92
      }
    },
    {
      "type": "Feature",
      "geometry": {
        "type": "Polygon",
        "coordinates": [
          [
            [
              -112.07667649,
              33.44900988
            ],
            [
              -112.07667649,
              33.44880359
            ],
            [
              -112.07568759,
              33.44880359
            ],
            [
              -112.07566609,
              33.44882153
            ],
            [
              -112.07566609,
              33.44900091
            ],
            [
              -112.07567684,
              33.44900988
            ],
            [
              -112.07667649,
              33.44900988
            ]
          ]
        ]
      },
      "properties": {
        "type": "solar_panel_array",
        "area_m2": 2144.53,
        "confidence": 0.92
      }
    },
    {
      "type": "Feature",
      "geometry": {
        "type": "Polygon",
        "coordinates": [
          [
            [
              -112.0719577,
              33.44929688
            ],
            [
              -112.0719577,
              33.44909956
            ],
            [
              -112.07093654,
              33.44909956
            ],
            [
              -112.07093654,
              33.44910853
            ],
            [
              -112.0709258,
              33.4491175
            ],
            [
              -112.0709258,
              33.44928791
            ],
            [
              -112.07093654,
              33.44929688
            ],
            [
              -112.0719577,
              33.44929688
            ]
          ]
        ]
      },
      "properties": {
        "type": "solar_panel_array",
        "area_m2": 2095.37,
        "confidence": 0.92
      }
    },
    {
      "type": "Feature",
      "geometry": {
        "type": "Polygon",
        "coordinates": [
          [
            [
              -112.07314008,
              33.44929688
            ],
            [
              -112.07314008,
              33.44909956
            ],
            [
              -112.07212968,
              33.44909956
            ],
            [
              -112.07211893,
              33.44910853
            ],
            [
              -112.07211893,
              33.44929688
            ],
            [
              -112.07314008,
              33.44929688
            ]
          ]
        ]
      },
      "properties": {
        "type": "solar_panel_array",
        "area_m2": 2075.01,
        "confidence": 0.92
      }
    },
    {
      "type": "Feature",
      "geometry": {
        "type": "Polygon",
        "coordinates": [
          [
            [
              -112.073957,
              33.44929688
            ],
            [
              -112.073957,
              33.44909956
            ],
            [
              -112.07331207,
              33.44909956
            ],
            [
              -112.07330132,
              33.44910853
            ],
            [
              -112.07330132,
              33.44929688
            ],
            [
              -112.073957,
              33.44929688
            ]
          ]
        ]
      },
      "properties": {
        "type": "solar_panel_array",
        "area_m2": 1332.2,
        "confidence": 0.92
      }
    },
    {
      "type": "Feature",
      "geometry": {
        "type": "Polygon",
        "coordinates": [
          [
            [
              -112.07432247,
              33.44929688
            ],
            [
              -112.07432247,
              33.44909956
            ],
            [
              -112.074043,
              33.44909956
            ],
            [
              -112.07403225,
              33.44910853
            ],
            [
              -112.07403225,
              33.44929688
            ],
            [
              -112.07432247,
              33.44929688
            ]
          ]
        ]
      },
      "properties": {
        "type": "solar_panel_array",
        "area_m2": 589.38,
        "confidence": 0.92
      }
    },
    {
      "type": "Feature",
      "geometry": {
        "type": "Polygon",
        "coordinates": [
          [
            [
              -112.07550486,
              33.44929688
            ],
            [
              -112.07550486,
              33.44909956
            ],
            [
              -112.07449445,
              33.44909956
            ],
            [
              -112.0744837,
              33.44910853
            ],
            [
              -112.0744837,
              33.44914441
            ],
            [
              -112.07447295,
              33.44915338
            ],
            [
              -112.07447295,
              33.44928791
            ],
            [
              -112.0744837,
              33.44929688
            ],
            [
              -112.07550486,
              33.44929688
            ]
          ]
        ]
      },
      "properties": {
        "type": "solar_panel_array",
        "area_m2": 2090.9,
        "confidence": 0.92
      }
    },
    {
      "type": "Feature",
      "geometry": {
        "type": "Polygon",
        "coordinates": [
          [
            [
              -112.07667649,
              33.44929688
            ],
            [
              -112.07667649,
              33.44909059
            ],
            [
              -112.07628953,
              33.44909059
            ],
            [
              -112.07627878,
              33.44909956
            ],
            [
              -112.07626803,
              33.44909956
            ],
            [
              -112.07625728,
              33.44909059
            ],
            [
              -112.07619279,
              33.44909059
            ],
            [
              -112.07618204,
              33.44909956
            ],
            [
              -112.07616054,
              33.44909956
            ],
            [
              -112.07614979,
              33.44909059
            ],
            [
              -112.0761283,
              33.44909059
            ],
            [
              -112.07611755,
              33.44909956
            ],
            [
              -112.0761068,
              33.44909059
            ],
            [
              -112.07592407,
              33.44909059
            ],
            [
              -112.07591332,
              33.44909956
            ],
            [
              -112.07590257,
              33.44909956
            ],
            [
              -112.07589182,
              33.44909059
            ],
            [
              -112.07568759,
              33.44909059
            ],
            [
              -112.07566609,
              33.44910853
            ],
            [
              -112.07566609,
              33.44914441
            ],
            [
              -112.07565534,
              33.44915338
            ],
            [
              -112.07565534,
              33.44916234
            ],
            [
              -112.07566609,
              33.44917131
            ],
            [
              -112.07566609,
              33.44929688
            ],
            [
              -112.07667649,
              33.44929688
            ]
          ]
        ]
      },
      "properties": {
        "type": "solar_panel_array",
        "area_m2": 2139.06,
        "confidence": 0.92
      }
    },
    {
      "type": "Feature",
      "geometry": {
        "type": "Polygon",
        "coordinates": [
          [
            [
              -112.07194695,
              33.44958388
            ],
            [
              -112.07194695,
              33.44937759
            ],
            [
              -112.07094729,
              33.44937759
            ],
            [
              -112.07093654,
              33.44938656
            ],
            [
              -112.07093654,
              33.44939553
            ],
            [
              -112.0709258,
              33.4494045
            ],
            [
              -112.0709258,
              33.449548
            ],
            [
              -112.07093654,
              33.44955697
            ],
            [
              -112.07093654,
              33.44958388
            ],
            [
              -112.07194695,
              33.44958388
            ]
          ]
        ]
      },
      "properties": {
        "type": "solar_panel_array",
        "area_m2": 2163.39,
        "confidence": 0.92
      }
    },
    {
      "type": "Feature",
      "geometry": {
        "type": "Polygon",
        "coordinates": [
          [
            [
              -112.07312933,
              33.44958388
            ],
            [
              -112.07312933,
              33.44937759
            ],
            [
              -112.07265638,
              33.44937759
            ],
            [
              -112.07264563,
              33.44938656
            ],
            [
              -112.07263488,
              33.44938656
            ],
            [
              -112.07262413,
              33.44937759
            ],
            [
              -112.07214043,
              33.44937759
            ],
            [
              -112.07211893,
              33.44939553
            ],
            [
              -112.07211893,
              33.44958388
            ],
            [
              -112.07312933,
              33.44958388
            ]
          ]
        ]
      },
      "properties": {
        "type": "solar_panel_array",
        "area_m2": 2143.04,
        "confidence": 0.92
      }
    },
    {
      "type": "Feature",
      "geometry": {
        "type": "Polygon",
        "coordinates": [
          [
            [
              -112.073957,
              33.44958388
            ],
            [
              -112.07394626,
              33.44957491
            ],
            [
              -112.07394626,
              33.44956594
            ],
            [
              -112.073957,
              33.44955697
            ],
            [
              -112.073957,
              33.44953903
            ],
            [
              -112.07394626,
              33.44953006
            ],
            [
              -112.07394626,
              33.44952109
            ],
            [
              -112.073957,
              33.44951213
            ],
            [
              -112.073957,
              33.44949419
            ],
            [
              -112.07394626,
              33.44948522
            ],
            [
              -112.07394626,
              33.44947625
            ],
            [
              -112.073957,
              33.44946728
            ],
            [
              -112.073957,
              33.44944934
            ],
            [
              -112.07394626,
              33.44944038
            ],
            [
              -112.07394626,
              33.44943141
            ],
            [
              -112.073957,
              33.44942244
            ],
            [
              -112.073957,
              33.4494045
            ],
            [
              -112.07394626,
              33.44939553
            ],
            [
              -112.07394626,
              33.44938656
            ],
            [
              -112.07331207,
              33.44938656
            ],
            [
              -112.07330132,
              33.44939553
            ],
            [
              -112.07330132,
              33.44958388
            ],
            [
              -112.073957,
              33.44958388
            ]
          ]
        ]
      },
      "properties": {
        "type": "solar_panel_array",
        "area_m2": 1322.76,
        "confidence": 0.92
      }
    },
    {
      "type": "Feature",
      "geometry": {
        "type": "Polygon",
        "coordinates": [
          [
            [
              -112.07549411,
              33.44958388
            ],
            [
              -112.07549411,
              33.44937759
            ],
            [
              -112.0745052,
              33.44937759
            ],
            [
              -112.0744837,
              33.44939553
            ],
            [
              -112.0744837,
              33.44958388
            ],
            [
              -112.07549411,
              33.44958388
            ]
          ]
        ]
      },
      "properties": {
        "type": "solar_panel_array",
        "area_m2": 2145.02,
        "confidence": 0.92
      }
    },
    {
      "type": "Feature",
      "geometry": {
        "type": "Polygon",
        "coordinates": [
          [
            [
              -112.07194695,
              33.44987088
            ],
            [
              -112.0719577,
              33.44986191
            ],
            [
              -112.0719577,
              33.44967356
            ],
            [
              -112.07093654,
              33.44967356
            ],
            [
              -112.0709258,
              33.44968253
            ],
            [
              -112.0709258,
              33.44981706
            ],
            [
              -112.07093654,
              33.44982603
            ],
            [
              -112.07093654,
              33.44987088
            ],
            [
              -112.07194695,
              33.44987088
            ]
          ]
        ]
      },
      "properties": {
        "type": "solar_panel_array",
        "area_m2": 2090.9,
        "confidence": 0.92
      }
    },
    {
      "type": "Feature",
      "geometry": {
        "type": "Polygon",
        "coordinates": [
          [
            [
              -112.07314008,
              33.44987088
            ],
            [
              -112.07314008,
              33.44967356
            ],
            [
              -112.07211893,
              33.44967356
            ],
            [
              -112.07211893,
              33.44987088
            ],
            [
              -112.07314008,
              33.44987088
            ]
          ]
        ]
      },
      "properties": {
        "type": "solar_panel_array",
        "area_m2": 2075.51,
        "confidence": 0.92
      }
    },
    {
      "type": "Feature",
      "geometry": {
        "type": "Polygon",
        "coordinates": [
          [
            [
              -112.073957,
              33.44987088
            ],
            [
              -112.073957,
              33.44967356
            ],
            [
              -112.07330132,
              33.44967356
            ],
            [
              -112.07330132,
              33.44987088
            ],
            [
              -112.073957,
              33.44987088
            ]
          ]
        ]
      },
      "properties": {
        "type": "solar_panel_array",
        "area_m2": 1332.69,
        "confidence": 0.92
      }
    },
    {
      "type": "Feature",
      "geometry": {
        "type": "Polygon",
        "coordinates": [
          [
            [
              -112.07549411,
              33.44987088
            ],
            [
              -112.07550486,
              33.44986191
            ],
            [
              -112.07550486,
              33.44967356
            ],
            [
              -112.0744837,
              33.44967356
            ],
            [
              -112.0744837,
              33.44987088
            ],
            [
              -112.07549411,
              33.44987088
            ]
          ]
        ]
      },
      "properties": {
        "type": "solar_panel_array",
        "area_m2": 2075.01,
        "confidence": 0.92
      }
    },
    {
      "type": "Feature",
      "geometry": {
        "type": "Polygon",
        "coordinates": [
          [
            [
              -112.0719577,
              33.45015788
            ],
            [
              -112.0719577,
              33.44996056
            ],
            [
              -112.07194695,
              33.44995159
            ],
            [
              -112.07094729,
              33.44995159
            ],
            [
              -112.07093654,
              33.44996056
            ],
            [
              -112.07093654,
              33.44996953
            ],
            [
              -112.0709258,
              33.4499785
            ],
            [
              -112.0709258,
              33.45013994
            ],
            [
              -112.07093654,
              33.45014891
            ],
            [
              -112.07093654,
              33.45015788
            ],
            [
              -112.0719577,
              33.45015788
            ]
          ]
        ]
      },
      "properties": {
        "type": "solar_panel_array",
        "area_m2": 2187.72,
        "confidence": 0.92
      }
    },
    {
      "type": "Feature",
      "geometry": {
        "type": "Polygon",
        "coordinates": [
          [
            [
              -112.07314008,
              33.45015788
            ],
            [
              -112.07314008,
              33.44996056
            ],
            [
              -112.07312933,
              33.44995159
            ],
            [
              -112.07212968,
              33.44995159
            ],
            [
              -112.07211893,
              33.44996056
            ],
            [
              -112.07211893,
              33.44999644
            ],
            [
              -112.07210818,
              33.45000541
            ],
            [
              -112.07210818,
              33.45008613
            ],
            [
              -112.07211893,
              33.45009509
            ],
            [
              -112.07211893,
              33.45010406
            ],
            [
              -112.07210818,
              33.45011303
            ],
            [
              -112.07210818,
              33.45013994
            ],
            [
              -112.07211893,
              33.45014891
            ],
            [
              -112.07211893,
              33.45015788
            ],
            [
              -112.07314008,
              33.45015788
            ]
          ]
        ]
      },
      "properties": {
        "type": "solar_panel_array",
        "area_m2": 2182.76,
        "confidence": 0.92
      }
    },
    {
      "type": "Feature",
      "geometry": {
        "type": "Polygon",
        "coordinates": [
          [
            [
              -112.073957,
              33.45015788
            ],
            [
              -112.073957,
              33.44995159
            ],
            [
              -112.07331207,
              33.44995159
            ],
            [
              -112.07330132,
              33.44996056
            ],
            [
              -112.07330132,
              33.45014891
            ],
            [
              -112.07331207,
              33.45015788
            ],
            [
              -112.073957,
              33.45015788
            ]
          ]
        ]
      },
      "properties": {
        "type": "solar_panel_array",
        "area_m2": 1392.28,
        "confidence": 0.92
      }
    },
    {
      "type": "Feature",
      "geometry": {
        "type": "Polygon",
        "coordinates": [
          [
            [
              -112.07550486,
              33.45015788
            ],
            [
              -112.07550486,
              33.44996056
            ],
            [
              -112.07549411,
              33.44995159
            ],
            [
              -112.07449445,
              33.44995159
            ],
            [
              -112.07447295,
              33.44996953
            ],
            [
              -112.07447295,
              33.45013994
            ],
            [
              -112.0744837,
              33.45014891
            ],
            [
              -112.0744837,
              33.45015788
            ],
            [
              -112.07550486,
              33.45015788
            ]
          ]
        ]
      },
      "properties": {
        "type": "solar_panel_array",
        "area_m2": 2188.72,
        "confidence": 0.92
      }
    },
    {
      "type": "Feature",
      "geometry": {
        "type": "Polygon",
        "coordinates": [
          [
            [
              -112.07667649,
              33.45015788
            ],
            [
              -112.07667649,
              33.44995159
            ],
            [
              -112.07567684,
              33.44995159
            ],
            [
              -112.07566609,
              33.44996056
            ],
            [
              -112.07566609,
              33.44999644
            ],
            [
              -112.07565534,
              33.45000541
            ],
            [
              -112.07565534,
              33.45002334
            ],
            [
              -112.07566609,
              33.45003231
            ],
            [
              -112.07566609,
              33.45014891
            ],
            [
              -112.07567684,
              33.45015788
            ],
            [
              -112.07667649,
              33.45015788
            ]
          ]
        ]
      },
      "properties": {
        "type": "solar_panel_array",
        "area_m2": 2148.99,
        "confidence": 0.92
      }
    },
    {
      "type": "Feature",
      "geometry": {
        "type": "Polygon",
        "coordinates": [
          [
            [
              -112.0719577,
              33.45044488
            ],
            [
              -112.0719577,
              33.45024756
            ],
            [
              -112.07194695,
              33.45023859
            ],
            [
              -112.07094729,
              33.45023859
            ],
            [
              -112.0709258,
              33.45025653
            ],
            [
              -112.0709258,
              33.45043591
            ],
            [
              -112.07093654,
              33.45044488
            ],
            [
              -112.0719577,
              33.45044488
            ]
          ]
        ]
      },
      "properties": {
        "type": "solar_panel_array",
        "area_m2": 2189.71,
        "confidence": 0.92
      }
    },
    {
      "type": "Feature",
      "geometry": {
        "type": "Polygon",
        "coordinates": [
          [
            [
              -112.07312933,
              33.45044488
            ],
            [
              -112.07314008,
              33.45043591
            ],
            [
              -112.07314008,
              33.45024756
            ],
            [
              -112.07312933,
              33.45024756
            ],
            [
              -112.07311858,
              33.45023859
            ],
            [
              -112.07212968,
              33.45023859
            ],
            [
              -112.07210818,
              33.45025653
            ],
            [
              -112.07210818,
              33.45042694
            ],
            [
              -112.07211893,
              33.45043591
            ],
            [
              -112.07211893,
              33.45044488
            ],
            [
              -112.07312933,
              33.45044488
            ]
          ]
        ]
      },
      "properties": {
        "type": "solar_panel_array",
        "area_m2": 2187.23,
        "confidence": 0.92
      }
    },
    {
      "type": "Feature",
      "geometry": {
        "type": "Polygon",
        "coordinates": [
          [
            [
              -112.07394626,
              33.45044488
            ],
            [
              -112.073957,
              33.45043591
            ],
            [
              -112.07394626,
              33.45042694
            ],
            [
              -112.07394626,
              33.45041797
            ],
            [
              -112.073957,
              33.450409
            ],
            [
              -112.073957,
              33.45039106
            ],
            [
              -112.07394626,
              33.45038209
            ],
            [
              -112.07394626,
              33.45037313
            ],
            [
              -112.073957,
              33.45036416
            ],
            [
              -112.073957,
              33.45034622
            ],
            [
              -112.07394626,
              33.45033725
            ],
            [
              -112.07394626,
              33.45032828
            ],
            [
              -112.073957,
              33.45031931
            ],
            [
              -112.073957,
              33.45030138
            ],
            [
              -112.07394626,
              33.45029241
            ],
            [
              -112.07394626,
              33.45028344
            ],
            [
              -112.073957,
              33.45027447
            ],
            [
              -112.073957,
              33.45025653
            ],
            [
              -112.07394626,
              33.45024756
            ],
            [
              -112.07394626,
              33.45023859
            ],
            [
              -112.07332282,
              33.45023859
            ],
            [
              -112.07331207,
              33.45024756
            ],
            [
              -112.07330132,
              33.45024756
            ],
            [
              -112.07330132,
              33.45044488
            ],
            [
              -112.07394626,
              33.45044488
            ]
          ]
        ]
      },
      "properties": {
        "type": "solar_panel_array",
        "area_m2": 1381.85,
        "confidence": 0.92
      }
    },
    {
      "type": "Feature",
      "geometry": {
        "type": "Polygon",
        "coordinates": [
          [
            [
              -112.07432247,
              33.45044488
            ],
            [
              -112.07432247,
              33.45024756
            ],
            [
              -112.07431172,
              33.45023859
            ],
            [
              -112.07405374,
              33.45023859
            ],
            [
              -112.074043,
              33.45024756
            ],
            [
              -112.07403225,
              33.45024756
            ],
            [
              -112.07403225,
              33.4502655
            ],
            [
              -112.0740215,
              33.45027447
            ],
            [
              -112.0740215,
              33.450409
            ],
            [
              -112.07403225,
              33.45041797
            ],
            [
              -112.07403225,
              33.45044488
            ],
            [
              -112.07432247,
              33.45044488
            ]
          ]
        ]
      },
      "properties": {
        "type": "solar_panel_array",
        "area_m2": 630.6,
        "confidence": 0.92
      }
    },
    {
      "type": "Feature",
      "geometry": {
        "type": "Polygon",
        "coordinates": [
          [
            [
              -112.07550486,
              33.45044488
            ],
            [
              -112.07550486,
              33.45024756
            ],
            [
              -112.07549411,
              33.45023859
            ],
            [
              -112.07449445,
              33.45023859
            ],
            [
              -112.07447295,
              33.45025653
            ],
            [
              -112.07447295,
              33.45042694
            ],
            [
              -112.0744837,
              33.45043591
            ],
            [
              -112.0744837,
              33.45044488
            ],
            [
              -112.07550486,
              33.45044488
            ]
          ]
        ]
      },
      "properties": {
        "type": "solar_panel_array",
        "area_m2": 2188.72,
        "confidence": 0.92
      }
    },
    {
      "type": "Feature",
      "geometry": {
        "type": "Polygon",
        "coordinates": [
          [
            [
              -112.07667649,
              33.45044488
            ],
            [
              -112.07667649,
              33.45023859
            ],
            [
              -112.07568759,
              33.45023859
            ],
            [
              -112.07567684,
              33.45024756
            ],
            [
              -112.07566609,
              33.45024756
            ],
            [
              -112.07566609,
              33.45025653
            ],
            [
              -112.07565534,
              33.4502655
            ],
            [
              -112.07565534,
              33.45040003
            ],
            [
              -112.07566609,
              33.450409
            ],
            [
              -112.07566609,
              33.45043591
            ],
            [
              -112.07567684,
              33.45044488
            ],
            [
              -112.07667649,
              33.45044488
            ]
          ]
        ]
      },
      "properties": {
        "type": "solar_panel_array",
        "area_m2": 2160.91,
        "confidence": 0.92
      }
    }
  ]
}